id,title,Year,discipline,morphType
A001,Development Policies And Discursive Conflicts In Contemporary Iranian Sexuality,2025/2/25,Political Science,3
A002,Power And Marginalization In Discourse On AI In Education (AIEd): Social Actors’ Representation In China Daily (2018–2023),2025/2/25,Media Studies,3
A003,Facebook As A Discourse,2024/2/24,Media Studies,2
A004,Bodioid: Philosophical Reflections On The Hybrid Of Bodies And Artifacts Toward Posthuman,2025/2/25,Philosophy,1
A005,"“Nous Sommes Tous Néokantiens”: Foucault, Lukács, And The Critique Of Social Forms",2025/2/25,Philosophy,1
A006,Social Media And Neoliberal Ageism: Skincare TikTok And AI “Aged Filter”,2024/2/24,Gender Studies,3
A007,Contradictions And Change: The Dynamics Of International Collaboration In Music Education Between India And Norway,2025/2/25,Political Science,2
A008,The Full Picture: Perspectives On An Archaeology Of British Screen Advertising Production,2024/2/24,Cultural Studies,2
A009,Special Issue Editorial: Cosmopolitan Nationalism: Analytical Potentials And Challenges,2025/2/25,Cultural Studies,2
A010,Invisible And Replaced: The Female Ghost Workers In The History Of Information Technology From The Perspective Of Media Archaeology,2024/12/24,Gender Studies,3
A011,Stepping Forth: Representation Of People With Mental Health Issues In Norwegian Newspapers 1950-2020,2024/2/24,Cultural Politics,4
A012,Anthropocene And Empire: Discourse Networks Of The Human Record,2020/1/20,Critical Theory,3
A013,Truth and Narrative (Discourses We Live By),2020/7/20,Critical Theory,4
A014,"Inclusion And Exclusion In Colombian Education, Captured Through Life Stories (Discourses We Live By)",2020/7/20,Critical Theory,4
A015,Care Leavers In Italy (Discourses We Live By),2020/7/20,Critical Theory,4
A016,Navigating Grades And Learning In The Swedish Upper Secondary School Where Neoliberal Values Prevail (Discourses We Live By),2020/7/20,Media Studies,3
A017,"Narratives Of Fundamentalism, Negative Capability And The Democratic Imperative (Discourses We Live By)",2020/7/20,Critical Theory,4
A018,Irish Students Turning First-Year Transition Obstacles Into Successful Progression (Discourses We Live By),2020/6/20,Critical Theory,4
A019,Diversifying Discourses Of Progression To UK Higher Education Through Narrative Approaches (Discourses We Live By),2020/7/20,Critical Theory,4
A020,Using Journaling And Autoethnography To Create Counter-Narratives Of School Exclusion In Britain (Discourses We Live By),2020/7/20,Media Studies,4
A021,Understandings Of The Natural World From A Generational Perspective (Discourses We Live By),2020/7/20,Critical Theory,4
A022,A Danish Prisoner Narrative (Discourses We Live By),2020/7/20,Critical Theory,4
A023,What Game Are We Playing? Narrative Work That Supports Gamblers (Discourses We Live By),2020/7/20,Critical Theory,4
A024,From Experience To Language In Narrative Practices In Therapeutic Education In France (Discourses We Live By),2020/7/20,Critical Theory,2
A025,Adult Education As A Means To Enable Polish Citizens To Question Media Coverage Of Political Messages (Discourses We Live By),2020/7/20,Media Studies,2
A026,Examining A Kazakh Student’s Biographical Narrative And The Discourses She Lives By (Discourses We Live By),2020/7/20,Critical Theory,4
A027,Punishment Discourses In Everyday Life (Discourses We Live By),2020/7/20,Critical Theory,3
A028,Structuralism And The Sociology Of Knowledge,1982/9/2,Sociology,1
A029,"White Supremacy, Settler Angst, And Latine Immigration To The US",2024/2/24,Interdisciplinary Studies,3
A030,The Power Of Third Sector Organizations In Public Education,2019/2/19,Critical Theory,2
A031,The Politics Of Critical Description,1995/6/5,Political Science,1
A032,Competing Discourses,2001/12/1,Critical Theory,1
A033,"Public Protection, Partnership And Risk Penality",2001/4/1,Art & Aesthetics,2
A034,Research As Social Practice,2000/4/1,Sociology,1
A035,Operationalizing Heterogeneity In Poststructuralist Discourse Theory: The Heterogeneous Logics Of International Trade Politics,2020/2/20,Philosophy,2
A036,Ethnicity And Class Nexus: A Philosophical Approach,2019/2/19,Sociology,1
A037,Computational Genealogy: Continuities And Discontinuities In The Political Rhetoric Of US Presidents,2019/2/19,Interdisciplinary Studies,2
A038,Media Discourse And The Danish Monarchy: Reconciling Egalitarianism And Royalism,1999/3/9,Media Studies,2
A039,Rhetoric And The Spread Of The Discourse Of Thatcherism,1996/4/6,Critical Theory,3
A040,The Tourist Gaze “Revisited”,1992/11/2,Interdisciplinary Studies,2
A041,Drugs And The Media In The Era Of Postmodernity: An Archaeological Analysis,1997/7/7,Media Studies,2
A042,The Praxis Of Protection: Working With – And Against – Human Trafficking Discourse,2019/2/19,Media Studies,3
A043,Perceptions Of Poverty And The Perpetuation Of The Capability-Judgment Cycle In Outer Southeast Melbourne,2016/2/16,Interdisciplinary Studies,3
A044,Power In Pedagogy: Legacies Of Apartheid In A South African School,2021/2/21,Critical Theory,3
A045,Science And Technology In World Agriculture: Narratives And Discourses,2010/2/10,Media Studies,2
A046,Methods for Uncovering Discourses That Shape the Urban Imaginary in Helsinki's Smart City,2022/2/22,Critical Theory,2
A047,The Strategic And Paradoxical Usage Of Phenomenology In Foucault’s Archaeology,2022/2/22,Philosophy,1
A048,Black To The Future: Re-Drawing Space And Time On The Chocolate Map,2019/2/19,Interdisciplinary Studies,3
A049,Becoming An English Language Teacher Over Lines Of Desire: Stories Of Lived Experiences,2023/2/23,Interdisciplinary Studies,4
A050,"Taking ‘Nonsense’ Seriously: Hoaxes, Spoofs, And The Epistemic Cultures Of Geography",2024/2/24,Interdisciplinary Studies,3
A051,Empire’S New Clothes,2019/2/19,Interdisciplinary Studies,3
A052,Catching Up With Men?,1997/9/7,Interdisciplinary Studies,3
A053,"The Birth Of News Discourse: Changes In News Language In British Newspapers, 1880-1930",2000/9/1,Critical Theory,2
A054,Danish CFSP Policy In The Post-Cold War Period,2000/3/1,Political Science,2
A055,Putting Violence To Work In New Media Policies,1999/8/9,Media Studies,3
A056,A Strange Right To Bear Arms: District Of Columbia V Heller As Narrative,2018/2/18,Interdisciplinary Studies,3
A057,Views From The Margins: Theorising The Experiences Of Black Working-Class Students In Academic Development In A Historically White South African University,2019/2/19,Political Science,3
A058,Gig Economy: Is It A Trap Or Stepping Stone For The Informal Sector?,2024/2/24,Interdisciplinary Studies,3
A059,How The Coronavirus Pandemic May Be The Discontinuity Which Makes The Difference In The Digital Transformation Of Teaching And Learning,2020/2/20,Media Studies,2
A060,Postmodernism As Pseudohistory,1993/2/3,Cultural Studies,1
A061,Against Death,2022/2/22,Media Studies,3
A062,The Afterlife Of Colonial Gender Violence,2022/2/22,Gender Studies,3
A063,A Full Stature Of Humanity,2022/2/22,Interdisciplinary Studies,2
A064,Notes,2022/2/22,Interdisciplinary Studies,1
A065,Confronting Global Anti-Immigrant Antiblackness,2022/2/22,Political Science,3
A066,Second Generation Interruptions,2022/2/22,Interdisciplinary Studies,3
A067,"Race, Colonialism, And Migration In The Global Latinx Diaspora",2022/2/22,Political Science,3
A068,Bibliography,2022/2/22,Interdisciplinary Studies,1
A069,Unearthing Identity: The Role Of Archaeology In Shaping English National Identity And Heritage Interpretation,2024/2/24,Gender Studies,3
A070,Development Of A Codebook Of Online Anti-Vaccination Rhetoric To Manage COVID-19 Vaccine Misinformation,2021/2/21,Political Science,2
A071,Rhetoric And The Roots Of The Homeless Mind,1993/11/3,Interdisciplinary Studies,1
A072,"Paradigmatic And Discursive Dimensions Of AmI And The IoT And Knowledge/Power Relations, Subject Positioning, And Legitimation",2015/2/15,Critical Theory,2
A073,Arthur Schomburg’s Haiti,2022/2/22,Media Studies,3
A074,The Adventures Of The Structure,1998/11/8,Critical Theory,1
A075,Differences In The Discourse Of Gothic Characters In Macbeth And Tempest,2023/2/23,Critical Theory,2
A076,Humanitarian Discourse As Racism Disclaimer,2024/2/24,Media Studies,3
A077,Novel Approach To Overcoming Discontinuity In Knowledge: Application In Value-Adding Frameworks In Construction Industry,2019/8/19,Education & Communication,2
A078,The Praxis Of Protection: Working With – And Against – Human Trafficking Discourse,2019/2/19,Media Studies,3
A079,Knowledge Organization And The Conceptual Basis For Building Classification Systems For Complex Documents: An Application On The Brazilian Popular Song Domain,2013/2/13,Media Studies,2
A080,Introduction(Analyzing Gender In Performance),2022/2/22,Gender Studies,2
A081,Extending Discourse Analysis In Archaeology: A Multimodal Approach,2023/2/23,Cultural Studies,2
A082,Lost Innocent And Sacrificial Delegate,1999/8/9,Interdisciplinary Studies,4
A083,Paradigm Wars Revisited: A Cartography Of Graduate Research In The Field Of Education (1980–2010),2019/2/19,Art & Aesthetics,2
A084,"Science, Power, And Subjectivity: Vaccine (Mandate) Resistance And ‘Truth Telling’ In Times Of Right-Wing Populism",2023/2/23,Critical Theory,3
A085,The Racial Policies Of De-development In The Middle East,2024/2/24,Political Science,3
A086,Glossary Of Validities,1996/4/6,Interdisciplinary Studies,1
A087,Theory And Analysis After Foucault,1991/5/1,Philosophy,1
A088,"Self-tracking, Power, And The Transition From Discipline To Control",2020/2/20,Critical Theory,3
A089,"In The Twentieth Century, Foucauldian Ascendancy On The Historical And Cultural Materialism Movements",2020/2/20,Cultural Politics,2
A090,Foucauldian Influence On The Literary Movements In The Twentieth Century,2019/2/19,Interdisciplinary Studies,2
A091,Towards Asignifying Modernity: A Critique On The Interests That Shaped Social Sciences And Social Work,2016/2/16,Sociology,1
A092,Local Global Literacies For Judges: Canadian/US Judicial Opinion Approaches To Globalization In Copyright Contexts,2006/2/6,Political Science,2
A093,Bias In Word Embeddings,2020/2/20,Interdisciplinary Studies,3
A094,The Discursive Construction Of Professional Self Through Narratives Of Personal Experience,2000/8/1,Interdisciplinary Studies,4
A095,The Discursive Reconstruction Of Sexual Consent,1998/4/8,Interdisciplinary Studies,3
A096,"""We Are God's Children, Y'All:"" Race, Gender, And Sexuality In Lesbian- And Gay-Affirming Congregations",2009/2/9,Gender Studies,3
A097,From Defender To Offender (Discourses We Live By),2020/7/20,Critical Theory,4
A098,"Learning From Narratives, Discourses And Biographical Research",2020/7/20,Critical Theory,4
A099,Shaping ‘The Good Teacher’ In Danish And Kenyan Teacher Education (Discourses We Live By),2020/7/20,Critical Theory,2
A100,Decolonizing And Indigenizing Discourses In A Canadian Context (Discourses We Live By),2020/7/20,Critical Theory,3
A101,Embedding Feminist Pedagogies Of Care In Research To Better Support San Youth In South Africa (Discourses We Live By),2020/7/20,Critical Theory,4
A102,Opposing Cultures(Discourses We Live By),2020/7/20,Critical Theory,4
A103,"Narrative, Discourse, And Biography",2020/7/20,Critical Theory,4
A104,"Discourses, Cultural Narratives, And Genre In Biographical Narratives(Discourses We Live By)",2020/7/20,Critical Theory,4
A105,The Needs Of Low-Literate Migrants When Learning The English Language(Discourses We Live By),2020/7/20,Critical Theory,4
A106,Punishment And Its Discontents: An Analysis Of Permanent Ban In An Online Game Community,2021/2/21,Sociology,3
A107,Discursive Lecturing: An Agile And Student-Centred Teaching Approach With Response Technology,2019/2/19,Media Studies,2
A108,“Documentary Evidence”: Archival Agency In Hilary Mantel’s A Place Of Greater Safety,2020/2/20,Interdisciplinary Studies,3
A109,Dreaming And Time In Foucault's Philosophy,1994/5/4,Philosophy,1
A110,Book Reviews,1995/1/5,Interdisciplinary Studies,1
A111,GIS And The ‘Usual Suspects’-[Mis]understanding Land Use Change In Cambodia,2014/2/14,Interdisciplinary Studies,3
A112,Linear Statecraft Along The Nile: Landscapes And The Political Phenomenology Of Ancient Egypt,2021/2/21,Interdisciplinary Studies,2
A113,Knowledge Leadership: Mobilising Management Research By Becoming The Knowledge Object,2015/2/15,Education & Communication,2
A114,Racism In The News: A Critical Discourse Analysis Of News Reporting In Two Australian Newspapers,2000/1/1,Critical Theory,3
A115,"Practicing Imagination And Activism In Literacy Research, Teaching, And Teacher Education: I Still Don’t Know How To Change The World With Rocks",2020/2/20,Education & Communication,3
A116,"Reviewing And Problematizing Methods And Analytical Strategies Of Discourse Analysis In Sport, Exercise, And Physical Education Studies",2023/2/23,Critical Theory,2
A117,Genre And Field In Critical Discourse Analysis: A Synopsis,1993/4/3,Critical Theory,1
A118,“How Can She Claim Equal Rights When She Doesn't Have To Do As Many Push-Ups As I Do?”,2000/10/1,Media Studies,3
A119,Meaning As A Topic In Coaching,2022/2/22,Interdisciplinary Studies,4
A120,International Political Sociology As A Mode Of Critique: Fracturing Totalities,2020/2/20,Political Science,1
A121,Decolonizing US Settler-Colonial Narratives In Living History Museums: The Pilgrims As First People?,2022/2/22,Cultural Studies,3
A122,Becoming an English language teacher over lines of desires,2023/2/23,Interdisciplinary Studies,4
A123,"Documenting The Past, Sustaining The Present, Making The Future",2024/2/24,Media Studies,3
A124,Book Reviews(Discourse & Society),1996/10/6,Critical Theory,1
A125,Genealogy And The Body: Foucault/Deleuze/Nietzsche,1984/6/4,Gender Studies,1
A126,Conceptualising An Empire In Between,2021/2/21,Interdisciplinary Studies,2
A127,From Chopping Trees To Destroying Capitalism: A Social Etymology Of Hacking,2021/2/21,Sociology,3
A128,Interaction' Versus 'Action' In Luhmann's Sociology Of Communication,2013/2/13,Sociology,1
A129,Digital Transformation In Education,2022/2/22,Media Studies,2
A130,‘Let’s Excuse Abusive Men From Abusing And Enable Sexual Abuse’: Child Sexual Abuse Investigations In England’s Private Family Courts,2024/2/24,Interdisciplinary Studies,3
A131,Storying Across Classrooms,2024/2/24,Sociology,4
A132,`Thank God I Said No To AIDS': On The Changing Discourse Of AIDS In Uganda,1990/7/1,Media Studies,3
A133,Green Basic Income: Evaluating The Bolsa Verde Project In The Brazilian Amazon,2024/2/24,Interdisciplinary Studies,3
A134,A Faith-Based Spiritual Theory,2024/2/24,Media Studies,2
A135,The Discourse Of Location,1999/9/9,Critical Theory,1
A136,"New Landscapes, Old Footpaths: The Discourse Of The Written Press Revisited",1998/7/8,Critical Theory,3
A137,"The Getting Of Sexuality: Foucault, Garfinkel And The Analysis Of Sexual Discourse",1986/6/6,Philosophy,1
A138,"Time, Reflectivity And Social Action",1992/9/2,Sociology,1
A139,Media-Archaeological Approaches To Theatre And Performance: An Introduction,2018/2/18,Media Studies,2
A140,An Investigation Into The Politics Of English Language Assessment In Pakistan,2023/2/23,Political Science,2
A141,Sex And Control: The Hormonal Body,1996/3/6,Gender Studies,3
A142,Powered By Assemblage: Language For Multiplicity,2021/2/21,Critical Theory,3
A143,On The Surface And Below: A Genealogical Look At The Waves Of Evaluation In Early Childhood Education And Care,2024/2/24,Education & Communication,2
A144,Out Of The Shadows Into The Limelight: The Impact Of Commercialization On The Swedish Men’S Elite Football Coach From The 1960S Until Today,2024/2/24,Interdisciplinary Studies,2
A145,Democratizing The Monetary Provisioning System To Enable Social-Ecological Transformation,2024/2/24,Sociology,3
A146,Conceptual Metaphors In Information Literacy: Reframing The Scholarly Conversation As Scholarly Collaboration,2023/2/23,Education & Communication,2
A147,Living Theory Action Research: A Methodology For Improvement In Practice And Generation Of Knowledge In Education,2021/2/21,Philosophy,2
A148,Sleep-Mode,2021/2/21,Interdisciplinary Studies,1
A149,"Power, Pathological Worldviews, And The Strengths Perspective In Social Work",2009/10/9,Sociology,3
A150,Educational Priorities Of Low-And Middle-Income Country Medical Diaspora Organisations: A Critical Discourse Analysis,2024/2/24,Critical Theory,3
A151,Through A Kaleidoscope’: A Foucauldian Discourse Analysis Of Belgian Policy Regarding Patients With A Migration Background And Depression In General Practices,2023/2/23,Political Science,3
A152,"Ecologies Otherwise: Mapping Ontological, Speculative, And Transition Design Discourses",2024/2/24,Critical Theory,3
A153,An Anti-Racist Critique Related To The Ontology And Epistemology Of Qualitative Research,2024/2/24,Critical Theory,3
A154,On Our Last Leges,2023/2/23,Interdisciplinary Studies,4
A155,Organs-without-body: A Study On The Genealogy Of Vision Leading To The Posthuman Age,2024/2/24,Gender Studies,3
A156,"Reification And Evidence In Rhetoric On Economic Recession: Some Methods Used In The UK Press, Final Quarter 1990",1993/7/3,Art & Aesthetics,3
A157,El Poder Normativo De España En La Constitución De La Comunidad Iberoamericana,2021/2/21,Interdisciplinary Studies,2
A158,Expanding The Scope And Roles Of Social Sciences And Humanities To Support Integrated Ecosystem Assessments And Ecosystem-Based Management,2023/2/23,Sociology,2
A159,"From Intersectionality To Interstitiality: Pathways In Italian Race, Migration, And Diaspora Studies",2023/2/23,Cultural Politics,3
A160,Working Utopias And Social Movements: An Investigation Using Case Study Materials From Radical Mental Health Movements In Britain,1999/11/9,Media Studies,3
A161,Debating Labour Process Theory: The Issue Of Subjectivity And The Relevance Of Poststructuralism,2001/5/1,Philosophy,1
A162,Anti-Reductionist Sociology,1999/5/9,Sociology,1
A163,The Realism Of Discourse: Critical Reflections On The Work Of Kevin Schilbrack,2023/2/23,Critical Theory,1
A164,Perspectives: Race And Advertising: Conceptualizing A Way Forward Through Aesthetics,2023/2/23,Cultural Politics,3
A165,Power In Schooling And Research,2021/2/21,Critical Theory,3
A166,A New Regime Of Understanding. School Leadership In Norwegian Education Policy (1990–2017),2023/2/23,Political Science,2
A167,A Post-Structuralist Review Of The Theoretical Literature Surrounding Wife Abuse,1998/8/8,Interdisciplinary Studies,3
A168,Nazareth Village And The Creation Of The Holy Land In Israel-Palestine,2020/2/20,Interdisciplinary Studies,2
A169,Out Of Print,2017/2/17,Interdisciplinary Studies,2
A170,Online Discourses In Post-Soviet Media: The Threat Of The Islamic State In Central Asia,2022/2/22,Media Studies,3
A171,Speculation: A Political Economy Of Technologies Of Imagination,2020/2/20,Interdisciplinary Studies,2
A172,"Gray, Meticulous And Patently Documentary: Foucaultian Historical Methods And The Patent System",2015/2/15,Philosophy,2
A173,Foucault’s Archaeology And Economic Thought,1986/1/6,Philosophy,1
A174,Chapter 4: Methodological Considerations(The Nursing Process As A Strategy For A (De-)Professionalization In Nursing ),2024/2/24,Interdisciplinary Studies,3
A175,Luhmann's Sociological Theory: Its Operationalization And Future Perspectives,1996/6/6,Philosophy,1
A176,Searching For Signs Of Globalisation,1996/11/6,Political Science,2
A177,Changing Sociological Perspectives On Chance,1993/8/3,Interdisciplinary Studies,1
A178,Hegemony And Political Discourse: The Lasting Impact Of Thatcherism,1998/11/8,Critical Theory,3
A179,Be Seeing You:,1996/11/6,Interdisciplinary Studies,1
A180,Offender Rehabilitation: The Middle Way Of Maimonides To Mental And Social Health,2023/2/23,Media Studies,2
A181,The Translation Of Hans Christian Andersen's Fairy Tales And His Intertextual World In China1,2023/2/23,Media Studies,2
A182,Introducing Tameness,2019/2/19,Interdisciplinary Studies,3
A183,Book Review: Wikipedia And The Representation Of Reality,2022/2/22,Cultural Politics,3
A184,Dynamics Of Language Interaction In Multicultural Urban Communities: Analysis Of Socio-Cultural Linguistic Environment,2023/2/23,Cultural Politics,3
A185,An Aesthetic Of Prevention,2001/11/1,Art & Aesthetics,3
A186,History's Ornament: Photography And Cultural Engineering In Early Soviet Siberia,2013/2/13,Cultural Studies,2
A187,Sawyer’s Theory Of Social Causation: A Critique,2020/2/20,Philosophy,1
A188,Strategies Of Free-Form Web Curation,2017/2/17,Interdisciplinary Studies,2
A189,Re-animation And Interrogation: Irish Visual And Performing Artists’ Encounters With The Archive,2022/2/22,Art & Aesthetics,3
A190,Primitive Classification And Postmodernity: Towards A Sociological Notion Of Fiction,1994/8/4,Sociology,1
A191,A Future For Critique?,2000/5/1,Critical Theory,1
A192,UK Senior Citizens Learn Filmmaking As A Creative Pathway To Reflection And Fulfillment (Discourses We Live By),2020/7/20,Critical Theory,4
A193,Reflections On A Creative Arts Project To Explore The Resilience Of Young Adults With A Muslim Background In Finland(Discourses We Live By),2020/7/20,Critical Theory,4
A194,Irish Adult Educators Find Fulfilment Amid Poor Employment Conditions (Discourses We Live By),2020/7/20,Critical Theory,4
A195,Nurture Groups (Discourses We Live By),2020/7/20,Critical Theory,4
A196,Uncovering Habitus In Life Stories Of Muslim Converts (Discourses We Live By),2020/6/20,Critical Theory,4
A197,Participatory Approaches In Critical Migration Research (Discourses We Live By),2020/7/20,Critical Theory,3
A198,Attachment-Based Family Therapy For Adolescent Substance Use: A Move To The Level Of Systems,2020/2/20,Interdisciplinary Studies,4
A199,The Notion Of State. Connotations Of Topical Usage Using Discourse Analysis,2020/2/20,Critical Theory,2
A200,Orienting Practical Global Citizenship Education In An International Baccalaureate International School,2024/2/24,Political Science,2
A201,From A Politics Of Transgression Toward An Ethics Of Reflexivity,1995/6/5,Political Science,1
A202,Critical Discourse Analysis And The Marketization Of Public Discourse: The Universities,1993/4/3,Critical Theory,2
A203,Law And Aesthetics,2011/2/11,Art & Aesthetics,2
A204,Indigenous Knowledge And The Social Construction Of Patriarchy: The Case Of The Bukusu Of Kenya,2021/2/21,Sociology,3
A205,A Critique Of Hallinger's “Empirical Reflection”: How Systemic Racism And Systemic Sexism Can Structure Our Research “Choices?”,2023/2/23,Critical Theory,3
A206,Self-management For Bipolar Disorder And The Construction Of The Ethical Self,2018/2/18,Interdisciplinary Studies,4
A207,"Introduction To The Digital Welfare State: Contestations, Considerations And Entanglements",2024/2/24,Media Studies,3
A208,Museums In The Age Of Platform Giants: Disconnected Policies And Practices,2022/2/22,Media Studies,3
B001,Identifying Essential Nonprofits With A Novel NLP Method,2022/7/27,Education & Communication,4
B002,Biodiversity Is Not Declining In Fiction,2022/10/6,Media Studies,3
B003,Extracting New Meaning from Scientific Abstracts: Combining Linguistic Analysis and Traditional Text Clustering Algorithms in Gaining Novel Insights,2022/10/6,Media Studies,3
B004,Data-Informed Tools For Archaeological Reflexivity: Examining The Substance Of Bone Through A Meta-Analysis Of Academic Texts,2020/11/23,Interdisciplinary Studies,3
B005,Unaccompanied Young People And Transition To Adulthood: Challenges For Child Care Services,2021/2/1,Sociology,2
B006,Digging Our Own Grave: A Marxian Consideration Of Formal Education As A Destructive Enterprise,2020/10/17,Critical Theory,1
B007,Ruminations On Reflection And Critical Pedagogy In Sport Coaching,2021/10/27,Critical Theory,3
B008,The History Of The Discourse Concept (The Social Determination of Knowledge),2024/6/25,Critical Theory,1
B009,The Social Determination Of Knowledge (The Social Determination of Knowledge),2024/6/25,Critical Theory,1
B010,The “Planet Foucault” (The Social Determination of Knowledge),2024/6/25,Critical Theory,1
B011,Literaturverzeichnis,2008/1/1,Sociology,1
B012,Entering Discourses: A New Agenda For Qualitative Research And Sociology Of Knowledge,2012/8/30,Sociology,1
B013,Diskursanalyse (Sozialwissenschaftliche Hermeneutik),1997/1/1,Critical Theory,1
B014,Comparing Discourse Between Cultures: A Discursive Approach To Movement Knowledge,2014/1/1,Sociology,3
B015,The Necessity Of Connection With External Stakeholders,2025/1/1,Education & Communication,2
B016,Partnering With Non-Governmental Organizations In Public Education: Contributions To An Ongoing Debate,2019/7/8,Education & Communication,2
B017,Understanding school-NGO Partnerships,2019/7/8,Education & Communication,2
B018,Opportunities And Challenges For NGOs Amid Competing Institutional Logics,2019/7/8,Education & Communication,2
B019,"The Third Sector And Innovation: Competitive Strategies, Incentives, And Impediments To Change",2019/7/8,Education & Communication,2
B020,"Governments, Markets, And Instruction: Considerations For Cross-National Research",2019/7/8,Education & Communication,2
B021,Des Bureaucraties Interconnectées ? Comparaison Des Réseaux En Ligne Et Hors-Ligne Durant Les Négociations Mondiales Sur Le Climat,2021/12/2,Sociology,3
B022,Grant Chaser And Revenue Raiser: Public School Principals And The Limitations Of Philanthropic Funding,2024/8/10,Education & Communication,2
B023,Behind The Scenes: An Analysis Of Policy Networks In The Contemporary Israeli Education Landscape,2024/2/8,Education & Communication,3
B024,Interconnected Bureaucracies? Comparing Online And Offline Networks During Global Climate Negotiations,2021/6/30,Sociology,3
B025,"Soliciting, Vetting, Monitoring, And Evaluating: A Study Of State Education Agencies’ Use Of External Providers For School Improvement Efforts",2020/10/24,Education & Communication,2
B026,NGO Involvement In Education Policy Implementation: Exploring Policymakers’ Voices,2021/7/22,Education & Communication,2
B027,Post-secularism Muting Controversy: school-NGO Interactions In Israel Through The Prism Of Stakeholder Salience Theory,2021/10/6,Education & Communication,3
B028,A Systematic Review Of The Effectiveness Of Brief Health Behaviour Change Interventions On Service Users Accessing The Third And Social Economy Sector,2023/9/20,Sociology,3
B029,Zur Beteiligung Zwischen- Und Nichtstaatlicher Akteur*innen An Der Steuerung Inklusiver Bildung,2023/5/28,Education & Communication,3
B030,Trust In Cross-Sector Alliances: Towards A Theory Of Relational Trust In Multi-Professional Education Networks,2021/10/27,Education & Communication,3
B031,Governing Roles? Integrating Philanthropic Foundations With Governance Boards In German Educational Collaborative Networks,2020/9/11,Education & Communication,2
B032,“Never Let A Good Crisis Go To Waste”? Transnational NGO Networks’ Power In Citizenship Education,2024/11/20,Education & Communication,3
B033,Social Partnerships In Modern Russian Schools As A Tools For Creating A Rich Educational Environment And Overcoming Inequality,2024/3/28,Education & Communication,2
B034,Stiftungen Als Impulsgeberinnen Für Vernetzung In Einer Kommunalen Bildungslandschaft Im Kontext Von Sport Und Bewegung,2023/4/1,Education & Communication,3
B035,"‘You Know Them All’—Trust, Cooperation, And Cultural Volunteering In Rural Areas In Germany",2022/12/1,Media Studies,3
B036,Third Sector Institutions Associated To Education Areas In Brazil And Their Impact In Curricular References For Modernizing Industrial Engineering Courses: A Case Study,2020/4/27,Media Studies,3
B037,Who Takes Initiative? The Rise Of Education Policy Networks And The Shifting Balance Of Initiative-Taking Amongst Education Stakeholders In Israel,2022/10/3,Education & Communication,3
B038,Weak Social Theory,2009/9/2,Sociology,1
B039,Beyond Yes And No: Practising Consent In Children’s Everyday Lives,2020/9/25,Media Studies,3
B040,Reflexivity,2000/6/1,Philosophy,1
B041,Film Talk About ‘Zainichi(Koreans In Japan)’,2017/1/30,Media Studies,3
B042,Organizing Masculine Bodies In Rugby League Football: Groomed To Fail,2014/1/7,Media Studies,3
B043,Sport And Physical Activity Practices Examined Through Parents’ Discourse About Children’s Rugby League,2021/3/1,Media Studies,3
B044,"Identity Threats, Identity Work And Elite Professionals",2015/7/30,Media Studies,3
B045,"I Didn’t Ask For Any Of This: (White) Privilege, The American (Dream) Family, And Health Care",2022/5/23,Media Studies,3
B046,In Search Of A Critical PETE Programme,2017/5/3,Media Studies,3
B047,"‘We Wear Dresses, We Look Pretty’: The Feminization And Heterosexualization Of Netball Spaces And Bodies",2017/8/25,Media Studies,3
B048,Navigating Concussion – Community Rugby Players’ Experiences Of A Concussion Management Initiative In New Zealand,2024/7/15,Media Studies,3
B049,The Rugby Tug-Of-War: Exploring Concussion-Related Behavioural Intentions And Behaviours In Youth Community Rugby Union In New Zealand,2021/11/16,Media Studies,3
B050,Entry And Exit As Embodied Career Choice In Professional Sport,2015/10/1,Media Studies,3
B051,The Sideline Behaviour Of Coaches At Children’S Team Sports Games,2012/3/1,Media Studies,3
B052,Hanging Up The Shirt: An Autoethnographic Account Of Disengaging From A Social Rugby Culture,2015/8/21,Media Studies,3
B053,"Masculinities, Affect And The (Re)Place(Ment) Of Stardom In Formula One Fan Leisure Practices",2011/7/1,Media Studies,3
B054,A VoIce In The Rink: Playing With Our Histories And Evoking Autoethnography,2010/7/1,Media Studies,3
B055,"Sport, Attractiveness And Aggression",2012/10/1,Media Studies,3
B056,“I Am My Body”. Physical Selves Of Police Officers In A Changing Institution,2016/8/22,Media Studies,3
B057,Bruised And Confused: An Autoethnography Of Concussion In Rugby Union,2024/8/25,Media Studies,3
B058,Parenting In Pandemic Times: Notes On The Emotional Geography Of Youth Sport Culture,2023/4/4,Media Studies,3
B059,Community Perspectives On Spinal Cord Injury In Rugby Union: Facts And Fears,2023/9/1,Media Studies,3
B060,Playing With The Autoethnographical,2014/12/28,Media Studies,3
B061,Professional Identity In The Global Sports Entertainment Industry,2009/9/21,Media Studies,3
B062,‘I Just Want To Bemewhen I Am Exercising’: Adrianna's Construction Of A Vulnerable Exercise Identity,2014/6/9,Media Studies,3
B063,‘It Just Makes You Feel Invincible’: A Foucauldian Analysis Of Children'S Experiences Of Organised Team Sports,2012/11/22,Media Studies,3
B064,"Making American White Men Great Again: Tom Brady, Donald Trump, And The Allure Of White Male Omnipotence In Post-Obama America",2019/9/5,Media Studies,3
B065,"Fitter, Happier, More Productive: Governing Working Bodies Through Wellness",2006/8/16,Media Studies,3
B066,‘This Is Men’S Ultimate’: (Re)creating Multiple Masculinities In Elite Open Ultimate Frisbee,2012/7/13,Media Studies,3
B067,Learning About Bodies And The Lived Consequences,2020/12/24,Media Studies,3
B068,"“Get Up, Shut Up And Stop Being A Fanny”: Rugby Union Men And Their Suppression Of Body Anxiety",2009/10/28,Media Studies,3
B069,Space For Self-Care? Adolescents’ Rationales For Being Physically Active,2024/10/30,Media Studies,3
B070,"National Bodies: Political Ontology, Cultural Citizenship, And Migrant Rugby",2017/10/27,Media Studies,3
B071,"Contingent Intellectual Amateurism, Or, The Problem With Evidence-Based Research",2010/3/31,Media Studies,3
B072,"Leisure Corporations, Beer Brand Culture, And The Crisis Of Masculinity: The Speight’s ‘Southern Man’ Advertising Campaign",2011/7/4,Media Studies,3
B073,“Court Can Happen Anywhere”: Courtroom Workgroup Members’ Perceptions of the Challenges and Opportunities of a Transformed Workplace,2023/9/13,Sociology,2
B074,"Law and Personality Disorder: Human Rights, Human Risks, and Rehabilitation",2024/3/11,Sociology,2
B075,Exit the Polibation Officer? Decoupling Police and Probation,2008/9/1,Sociology,2
B076,Beyond ‘Polibation’ and towards ‘Prisi-Polibation’? Joint Agency Offender Management in the Context of the Street Crime Initiative,2007/6/1,Sociology,2
B077,‘Polibation Revisited’ — A Reply to Mawby and Worrall,2004/6/1,Sociology,2
B078,From Dangerousness To Precaution: Managing Sexual And Violent Offenders In An Insecure And Uncertain Age,2009/1/6,Sociology,2
B079,Assisting And Advising The Sentencing Decision Process: The Pursuit Of 'Quality' In Pre-Sentence Reports,2008/8/27,Sociology,2
B080,"Risk, Law, And Security",2016/1/1,Sociology,4
B081,"Making, Unmaking, Remaking: Mapping The Boundaries Of Professional Legitimacy, Identity And Practice In Probation In England And Wales",2022/11/4,Sociology,4
B082,How Iron Is The Iron Cage Of New Penology?,2006/7/1,Sociology,4
B083,The Future(S) Of Risk: Barthes And Baudrillard Go To Hollywood,2010/4/20,Media Studies,3
B084,Lifting The Lid On Pandora’s Box: Putting Professional Curiosity Into Practice,2022/8/8,Sociology,4
B085,From Criminalisation To Harm Reduction? The Forms And Functions Of Police Drug Diversion In England And Wales,2023/10/11,Sociology,4
B086,List Of Abbreviations,2024/5/7,Sociology,4
B087,The Narrative Of The Number: Quantification In Criminal Court,2019/1/1,Sociology,4
B088,Crime And Risk: Contested Territory For Risk Theorising,2011/12/1,Sociology,3
B089,The Art Of Deception – UK Public Protection Policy And The Criminal Justice ‘Crisis’ Of 2006,2010/11/1,Sociology,3
B090,Theorising Sentencing,2017/2/1,Sociology,3
B091,Penal Managerialism From Within: Implications For Theory And Research,2006/9/1,Philosophy,3
B092,Theorizing The Performative Effects Of Penal Risk Technologies: (Re)producing The Subject Who Must Be Dangerous,2018/5/3,Sociology,4
B093,"Pedophiles And Cyber-predators As Contaminating Forces: The Language Of Disgust, Pollution, And Boundary Invasions In Federal Debates On Sex Offender Legislation",2006/7/28,Sociology,4
B094,"An Exploration Of Treatment Providers Experiences Of Delivering A High Intensity Intervention, With Violent Offenders",2022/7/27,Sociology,4
B095,"No Matter Your Age, “It’s Your Life, It’s Your Choice”: Compulsory Persuasion And Informal Rehabilitative Support In Youth And Adult Intensive Supervision Programs",2024/4/10,Sociology,4
B096,"Policy Convergence, Politics And Comparative Penal Reform: Sex Offender Notification Schemes In The USA And UK",2013/12/13,Sociology,4
B097,"The Governance Of Sexual Offending Across Europe: Penal Policies, Political Economies And The Institutionalization Of Risk",2012/4/18,Sociology,4
B098,Colonialism And Carceral Motherhood,2008/12/11,Sociology,4
B099,Defence Lawyers And Probation Officers: Offenders' Allies Or Adversaries?,2013/9/17,Sociology,4
B100,Negotiated Risk: Actuarial Illusions And Discretion In Probation,2014/7/18,Sociology,4
B101,"General Editors Introduction (Law and Personality Disorder: Human Rights, Human Risks, and Rehabilitation)",2024/5/7,Sociology,4
B102,"The Offender Personality Disorder Pathway (Law and Personality Disorder: Human Rights, Human Risks, and Rehabilitation)",2024/5/7,Sociology,4
B103,"Culpability, Responsibility, And Personality Disorder (Law and Personality Disorder: Human Rights, Human Risks, and Rehabilitation)",2024/5/7,Sociology,4
B104,"The Origins Of The Construct Of Dangerous People With Severe Personality Disorder (Law and Personality Disorder: Human Rights, Human Risks, and Rehabilitation)",2024/5/7,Sociology,4
B105,"Reflections (Law and Personality Disorder: Human Rights, Human Risks, and Rehabilitation)",2024/5/7,Sociology,4
B106,"Preventive Detention And Human Rights (Law and Personality Disorder: Human Rights, Human Risks, and Rehabilitation)",2024/5/7,Sociology,4
B107,"The Pilot DSPD Programme (Law and Personality Disorder: Human Rights, Human Risks, and Rehabilitation)",2024/5/7,Sociology,4
B108,"Personality Disorder: A Contested And Evolving Construct (Law and Personality Disorder: Human Rights, Human Risks, and Rehabilitation)",2024/5/7,Sociology,4
B109,"Introduction (Law and Personality Disorder: Human Rights, Human Risks, and Rehabilitation)",2024/5/7,Sociology,4
B110,Rehabilitation And Resettlement,2006/12/1,Sociology,4
B111,"Uncertainty In Everyday Life: Risk, Worry And Trust",2009/6/16,Sociology,4
B112,Cut Price Public Protection?,2012/3/6,Sociology,2
B113,References （Politics and Public Protection）,2024/1/1,Sociology,4
B114,How Multi-Agency Are Multi-Agency Risk Assessment Committees?,2013/2/17,Sociology,4
B115,Women Behind Bars: Explanations And Implications,2003/5/20,Sociology,4
B116,The Ethics Of Predictive Risk Modelling In The Aotearoa/New Zealand Child Welfare Context: Child Abuse Prevention Or Neo-Liberal Tool?,2014/7/28,Sociology,3
B117,The Surveillance Of ‘Prolific’ Offenders: Beyond ‘Docile Bodies’,2013/1/11,Sociology,4
B118,Sentencing As Craftwork And The Binary Epistemologies Of The Discretionary Decision Process,2007/9/1,Sociology,3
B119,"Sicurezza Urbana “Partecipata”: Privatizzata, Statalizzata O Pubblica?",2013/12/1,Sociology,3
B120,‘Paedophile Hunters’: Practitioner Perspectives,2022/2/7,Sociology,2
B121,More Than Monsters: Penal Imaginaries And The Specter Of The Dangerous Sex Offender,2022/8/22,Sociology,2
B122,Encounters Of A Different Kind,2010/1/21,Sociology,2
B123,A Sense Of Justice,2010/1/21,Sociology,2
B124,"Austerity-driven policification: Neoliberalisation, schools and the police in Britain",2023/10/4,Sociology,3
B125,Countering Catastrophic Criminology,2006/10/1,Sociology,2
B126,Criminogenic Needs And The Transformative Risk Subject,2005/1/1,Sociology,2
B127,Listening To Law Enforcement Officers: The Promises And Problems Of Police – Adult Probation Partnerships,2010/7/1,Sociology,2
B128,The Politics Of Symbolic Laws: State Resistance To The Allure Of Sex Offender Residence Restrictions,2020/6/29,Sociology,3
B129,"Trust, Risk And The (Mis)Management Of Contingency And Discretion Through New Information Technologies In Children’S Services",2011/2/18,Sociology,3
B130,Mappa--Is Closer Collaboration Really The Key To Effectiveness?,2009/5/1,Sociology,2
B131,Punishing Sex Offenders: Discrimination Or Justifiable Treatment?,2001/3/1,Sociology,1
B132,Unsettling The Discourse Of Punishment? Competing Narratives Of Reentry And The Possibilities For Change,2012/1/13,Sociology,2
B133,Dangerous Liaisons,2008/7/1,Sociology,2
B134,Plural Policing And CCTV Surveillance,2008/1/1,Sociology,3
B135,Community Practitioners In Criminal Courts: Risk Logics And Multiply-Disadvantaged Individuals,2017/5/18,Sociology,3
B136,Vigilance And Vigilantes,2003/5/1,Sociology,2
B137,The Rise Of The Risk Paradigm In Criminal Justice,2017/1/1,Sociology,2
B138,"Risk, Regulation And The Reintegration Of Sexual Offenders",2017/1/1,Sociology,2
B139,Working With Women With A Learning Disability Experiencing Domestic Abuse: How Social Workers Can Negotiate Competing Definitions Of Risk,2015/1/2,Sociology,3
B140,"Domestic Abuse, Safeguarding Children And Public Health: Towards An Analysis Of Discursive Forms And Surveillant Techniques In Contemporary UK Policy And Practice",2013/3/8,Sociology,3
B141,"Table Of Legislation (Law and Personality Disorder: Human Rights, Human Risks, and Rehabilitation)",2024/5/7,Sociology,3
B142,"Table of Cases (Law and Personality Disorder: Human Rights, Human Risks, and Rehabilitation)",2024/5/7,Sociology,3
B143,"Individualizing Risk: Moral Judgement, Professional Knowledge And Affect In Parole Evaluations",2016/2/28,Sociology,2
B144,Constructing The Durable Penal Agent: Tracing The Development Of Habitus Within English Probation Officers And Scottish Criminal Justice Social Workers: Table 1,2015/7/27,Sociology,2
B145,"Deconstructing Victim And Offender Identites In Discourses On Child Sexual Abuse: Hierarchies, Blame And The Good/Evil Dialectic",2014/1/17,Sociology,2
B146,"Reflections On Risk, Anti-Social Behaviour And Vulnerable/Repeat Victims",2013/5/14,Sociology,3
B147,The Construction And Interpretation Of Risk Management Technologies In Contemporary Probation Practice,2010/9/23,Sociology,2
B148,"The Third Sector’s Role In Managing Serious Offenders: Partners, Collaborators Or Buffers?",2017/12/7,Sociology,2
B149,The Historical Evolution Of Sex Offender Risk Management,2017/12/7,Sociology,2
B150,Working With Sex Offenders In A Climate Of Public Blame And Anxiety: How To Make Defensible Decisions For Risk,2009/11/6,Sociology,2
B151,Risk Rationalities In Contemporary Social Work Policy And Practice,2010/1/4,Sociology,3
B152,"Mental Health, Risk Communication And Data Quality In The Electronic Age",2007/12/11,Sociology,3
B153,« Mondialisation » Et Justice Criminelle : Du Défaitisme À L'Optimisme,2006/9/1,Sociology,3
B154,Reconceptualising ‘Risk’: Towards A Humanistic Paradigm Of Sexual Offending,2021/8/2,Sociology,2
B155,Modernizing And Joining-Up Government: The Case Of The Prison And Probation Services,2010/7/1,Sociology,2
B156,Exploring The Predictors Of Offenders' Satisfaction Of Their Probation,2010/6/1,Sociology,2
B157,Legal Change And Sentencing Norms In The Wake Of Booker: The Impact Of Time And Place On Drug Trafficking Cases In Federal Court,2014/6/1,Sociology,3
B158,"Populist And Vindictive Constructions Of Sexual Offending, Pluralities Of Violence, And The Implications For Criminal And Social Justice",2023/2/15,Sociology,2
B159,Assembling Risk And The Restructuring Of Penal Control,2006/5/1,Sociology,2
B160,‘Transforming Justice’: Challenges For Restorative Justice In An Era Of Punishment-Based Corrections,2011/9/14,Sociology,3
B161,‘They Were Very Threatening About Do-Gooding Bastards’: Probation's Changing Relationships With The Police And Prison Services In England And Wales,2011/12/1,Sociology,2
B162,"Tracking High-Risk, Violent Offenders: An Examination Of The National Flagging System",2006/7/1,Sociology,2
B163,Legal And Societal Responses To ‘Risk’ (Children as ‘Risk'),2018/9/20,Sociology,2
B164,Appendix: Research Methodology (Children as ‘Risk'),2018/9/20,Sociology,2
B165,Peer-to-Peer Grooming: A Reappraisal (Children as ‘Risk'),2018/9/20,Sociology,2
B166,Cambridge Studies In Law And Society (Children as ‘Risk'),2018/9/20,Sociology,2
B167,Bibliography (Children as ‘Risk'),2018/9/20,Sociology,2
B168,Child Sexual Exploitation And Abuse: A Contemporary History Of Concerns (Children as ‘Risk'),2018/9/20,Sociology,2
B169,Index (Children as ‘Risk'),2018/9/20,Sociology,2
B170,The Social And Political Construction Of Sexual Offending Concerning Children (Children as ‘Risk'),2018/9/20,Sociology,2
B171,Conceptualising Children As ‘Risk’: An Introduction (Children as ‘Risk'),2018/9/20,Sociology,2
B172,Conclusion: Reimagining ‘Risk’ (Children as ‘Risk'),2018/9/20,Sociology,2
B173,The Emergence Of Harmful Sexual Behaviour (Children as ‘Risk'),2018/9/20,Sociology,2
B174,The Nature And Scope Of Peer-to-Peer Exploitation And Abuse: Towards A Typology Of ‘Harm’ (Children as ‘Risk'),2018/9/20,Sociology,2
B175,"Risk, Discretion, Accountability And Control: Police Perceptions Of Sex Offender Risk Management Policy In England And Wales",2019/4/3,Sociology,2
B176,"When Risks Meet: The Dance Of Experience, Professional Expertise And Science In Border Security Technology Development",2018/11/7,Sociology,3
B177,Desistance From Sexual Offending: Do The Mainstream Theories Apply?,2016/9/27,Sociology,2
B178,Theorizing The Role Of ‘The Brand’ In Criminal Justice: The Case Of Integrated Offender Management,2015/2/13,Sociology,3
B179,Understanding ‘Quality’ In Probation Practice: Frontline Perspectives In England & Wales,2013/5/20,Sociology,2
B180,Policing In A Time Of Contraction And Constraint: Re-imagining The Role And Function Of Contemporary Policing,2013/3/26,Sociology,3
B181,The Policing Task And The Expansion (And Contraction) Of British Policing,2012/12/26,Sociology,3
B182,"Probation, PSRs And Public Protection: Has A ‘Critical Point’ Been Reached?",2011/8/3,Sociology,2
B183,Beyond Risk Theory: Experiential Knowledge And ‘Knowing Otherwise’,2011/4/1,Sociology,3
B184,Beyond Public Protection,2007/8/1,Sociology,1
B185,"‘Catching’ And ‘Targeting’: Risk‐Based Policing, Local Culture And Gendered Practices",2005/12/1,Sociology,2
B186,Street Pastors In The Night-Time Economy: Harmless Do-Gooders Or A Manifestation Of A New Right Agenda?,2019/1/14,Sociology,2
B187,Antisocial Behaviour Orders (ASBOs) In Britain: Contextualizing Risk And Reflexive Modernization,2008/4/1,Philosophy,2
B188,Reducing Homicide: A Review Of The Possibilities,2005/1/1,Sociology,1
B189,Probation Officers’ Perspectives On Recent Belgian Changes In The Probation Service,2009/9/4,Sociology,1
B190,The Risk Factor,2018/2/28,Sociology,2
B191,When Policy Comes To Town: Discourses And Dilemmas Of Implementation Of A Statewide Reentry Policy In Kansas,2017/6/26,Sociology,2
B192,Interprofessional Collaboration In Hospital-Based Services For Victims Of Sexual Violence In South Korea: Participating Professionals’ Different Attitudes And Their Impacts On Collaboration,2021/6/13,Gender Studies,3
B193,Reintegrative And Disintegrative Shaming,2013/2/20,Sociology,2
B194,From Narrative To Database,2004/10/1,Philosophy,1
B195,"Risk, Reflexivity And Social Control In Child Protection: New Times Or Same Old Story?",2003/8/1,Philosophy,3
B196,Imaginary Homelessness Prevention With Prison Leavers In Wales,2019/11/7,Sociology,4
B197,Managing Meaning: The Use Of Metaphor In Criminal Justice Policy,2009/11/19,Philosophy,3
B198,The ‘Carrot’ And ‘Stick’ Of Integrated Offender Management: Implications For Police Culture,2018/11/15,Sociology,3
B199,Staff And Offender Perspectives Of Integrated Offender Management And The Impact Of Its Introduction On Arrests And Risk Of Reoffending In One Police Force Region,2017/11/30,Sociology,2
B200,‘Scum Cuddlers’: Police Offender Managers And The Sex Offenders' Register In England And Wales,2014/8/21,Sociology,1
B201,The Problem Of Success: What Is A ‘Good’ Homicide Investigation?,2013/2/27,Sociology,3
B202,"Risk And Punishment: The Recent History And Uncertain Future Of Actuarial, Algorithmic, And “Evidence-Based” Penal Techniques",2019/1/10,Philosophy,2
B203,"Vetting Sexual Offenders: State Over-Extension, The Punishment Deficit And The Failure To Manage Risk",2010/3/1,Sociology,3
B204,"Risk, Responsibility And Reconfiguration",2009/8/14,Philosophy,2
B205,Exploring Risk Management In Probation Practice,2002/1/1,Philosophy,1
B206,Critical Genre Analysis And World Englishes,2025/3/11,Education & Communication,2
B207,"In-service English Language Teacher-Researchers’ Ideologies, Realities, And Practices Concerning Qualitative Research",2025/4/1,Education & Communication,1
B208,Cultural Influences On Parental Advocacy For Inclusion: Experiences Of South Asian Families With Children With Extensive Support Needs,2025/2/19,Education & Communication,3
B209,Integrated Environmental And Social Assessment Of Alum-Contaminated Water In An Giang Province,2024/10/1,Sociology,1
B210,How Ought We To Understand The Concept Of Rhetorical Agency? Report From The ARS,2004/6/1,Philosophy,3
B211,Creating Rhetorical Stability In Corporate University Discourse,2003/10/1,Media Studies,1
B212,Framing Teacher Preparation Research,2014/9/5,Education & Communication,2
B213,Use Of Research For Transforming Youth Agencies,2013/9/1,Sociology,3
B214,Agency In Illness Narratives,2014/10/28,Gender Studies,2
B215,Organizing For Power In/As Technical Rhetoric,2021/10/12,Education & Communication,3
B216,Studying Teacher Preparation: The Questions That Drive Research,2015/6/23,Education & Communication,2
B217,Evaluating A Continuing Professional Development Course On Cognitive Functions For Music Therapists Working In Care Homes,2021/7/1,Education & Communication,2
B218,The Transformative Paradigm: Equipping Technical Communication Researchers For Socially Just Work,2020/8/6,Education & Communication,3
B219,Research In Cooperatives: Developing A Politically Conscious Research Methodology,2019/6/19,Education & Communication,3
B220,Agency And Interactive Data Displays: Internet Graphics As Co-Created Rhetorical Spaces,2014/9/9,Art & Aesthetics,1
B221,"The Mundane, Power, And Symmetry: A Reading Of The Field With Dorothy Winsor And The Tradition Of Ethnographic Research",2011/10/1,Education & Communication,2
B222,Researching Telemedicine: Capturing Complex Clinical Interactions With A Simple Interface Design,2008/6/6,Education & Communication,3
B223,More Than A Knack: Techne & Teaching Technical Communication,2002/4/1,Education & Communication,2
B224,Reviews (Journal of Curriculum Studies ),2005/1/1,Education & Communication,1
B225,Introduction: Dialogical Perspectives On Intercultural Communication As Social Practice,2016/12/28,Critical Theory,3
B226,Further Educations: Transformative Teaching And Learning For Adults In Times Of Austerity,2018/12/18,Education & Communication,1
B227,Concomitant Ethics: Institutional Review Boards And Technical And Professional Communication's Social Justice Turn,2022/4/21,Critical Theory,1
B228,“You Just Don’t See Enough Normal”,2005/7/1,Sociology,3
B229,Protecting The Voices Of Our Research,2004/10/1,Education & Communication,1
B230,Discourse Methods And Critical Practice In Professional Communication,2004/1/1,Sociology,3
B231,Supervisors’ Written Feedback On Saudi Postgraduate Students’ Problems With Academic English Writing In Selected UK Universities,2020/1/1,Education & Communication,2
B232,World Englishes In Professional Communication,2019/3/1,Education & Communication,3
B233,Addressing The Incommensurable,2016/4/6,Critical Theory,1
B234,From Big Ag To Campus Cafeterias: Intersections Of Food-Supply Networks As Technical Communication Pedagogy,2018/1/1,Education & Communication,3
B235,Startup Weekends: Invention As Process For Proto-Entrepreneurs,2016/10/1,Education & Communication,2
B236,Approaching Intercultural Rhetoric And Professional Communication,2012/1/1,Critical Theory,3
B237,Intentionally Recursive,2015/7/16,Education & Communication,2
B238,The Audit Report In Contrast: Developing Corpus-Informed Applications For Spanish Users Of English For Business Purposes,2024/9/1,Critical Theory,3
B239,Preparing Teachers For Culturally Responsive/Relevant Pedagogy (CRP): A Critical Review Of Research,2022/2/1,Education & Communication,4
B240,EFL Writers' Social Networks: Impact On Advanced Academic Literacy Development,2005/10/1,Education & Communication,2
B241,Preparing Teachers For Diversity And High-Poverty Schools: A Research-Based Perspective,2016/1/1,Education & Communication,2
B242,Climate Jobs Plans: A Mobilizing Strategy In Search Of Agency,2021/1/1,Critical Theory,1
B243,The Hegemonic Politics Of ‘Strategic Autonomy’ And ‘Resilience’: COVID‐19 And The Dislocation Of EU Trade Policy,2022/5/19,Sociology,2
B244,Institutions And Political Strategy In Post-Marxist Discourse Theory: A Reply To Pedro Rey-Araújo,2021/1/2,Critical Theory,1
B245,Drawing Constitutional Boundaries: A Digital Historical Analysis Of The Writing Process Of Pinochet’s 1980 Authoritarian Constitution,2022/4/28,Sociology,3
B246,The Material Conditions Of Platforms: Monopolization Through Decentralization,2020/10/1,Media Studies,3
B247,Control Of Platform Monopolization In The Digital Economy: The Implication Of Open Innovation,2022/4/1,Sociology,4
B248,‘Team GB’ Or ‘Team Scotland’? Media Representations Of ‘Britishness’ And ‘Scottishness’ At London 2012 And Glasgow 2014,2017/10/14,Media Studies,1
B249,"Risk, Reflexivity And Democracy",2000/11/1,Media Studies,2
B250,Defending The Faith(s)? Democracy And Hereditary Right In England,2011/2/15,Sociology,2
B251,Mediated Communication And The Privatization Of Public Problems,2000/6/1,Media Studies,1
B252,Media Discourse And The Public Sphere,2005/1/1,Media Studies,1
B253,"My King’S Good Words: Royal Addresses, Modern Media And National Narratives In Denmark, 1933–1945",2016/5/10,Media Studies,2
B254,The Royal Tour Of 1939 As A Media Event,2010/4/1,Media Studies,2
B255,Media Discourse And The Public Sphere,2005/1/1,Media Studies,1
B256,Enacting National Concerns: Anglo-British Accounts Of The 2002 Royal Golden Jubilee,2010/11/2,Sociology,2
B257,"‘We’re All Princesses Now’: Sex, Class, And Neoliberal Governmentality In The Rise Of Middle-Class Monarchy",2015/3/2,Media Studies,3
B258,Are The Winds Of Change Blowing In Spain?,2013/6/14,Media Studies,2
B259,Stardust In The Audience's Eyes,2012/8/20,Media Studies,3
B260,The Spanish Royal Wedding As A Media Event. Audiences And Reception Strategies In The Broadcast Of The Spanish Crown Princeâs Wedding,2008/5/19,Media Studies,2
B261,Is Work Still A Right If It Has Become A Norm? Disability Inclusion In Labor Market Policy Discourse,2025/2/27,Sociology,3
B262,‘I Am Not Homophobic But...’: Disclaiming In Discourse Resisting Repeal Of Section 28,2004/8/1,Sociology,3
B263,Media Discourse And The Danish Monarchy: Reconciling Egalitarianism And Royalism,1999/3/1,Media Studies,1
B264,Rhetorical Discourse Of Local Pay,1997/5/1,Critical Theory,2
B265,Intertextuality In Discourse,2015/4/17,Critical Theory,1
B266,Mediated Communication And The Privatization Of Public Problems,2000/6/1,Media Studies,2
B267,"Workplace Logics, Kinds Of Knowledge And Action Research",2006/4/1,Education & Communication,3
B268,Taming Labour In Neo-Liberal Ontario: Oppositional Political Communication In A Time Of “Crisis”,2006/10/23,Media Studies,2
B269,The Artless Art: Leadership And The Limits Of Democratic Rhetoric,2010/8/17,Critical Theory,1
B270,‘Sustainable Development’: The ‘Unsustainable’ Development Of A Concept In Political Discourse,2012/9/26,Sociology,2
B271,The Politics Of Recontextualization: Discursive Competition Over Claims Of Iranian Involvement In Iraq,2008/7/1,Media Studies,1
B272,The Pragmatics Of Peremptory Assertion: An Ideological Analysis Of The Use Of The Word ‘Just’ In Local Politicians’ Denials Of Politics,2003/5/1,Sociology,2
B273,New Right Students?: Exploring High Achieving British University Students’ Discourses Of Learning,2004/11/1,Education & Communication,3
B274,Political Purpose And The Development Of Mediatisation: Considering Media Representations And News Management During The Coal Dispute Of 1984-5,2023/2/2,Media Studies,2
B275,Hegemony And Political Discourse: The Lasting Impact Of Thatcherism,1998/11/1,Sociology,1
B276,`Some Strange Things Happening In Our Country': Opposing Proposed Changes In Anti-Cruelty Laws In Canada,2003/9/1,Sociology,3
B277,SLUMDOG MILLIONAIRE AND THE KNOWLEDGE-BASED ECONOMY: POVERTY AS ONTOLOGY,2015/1/1,Art & Aesthetics,3
B278,Rhetorical Agency In Ideological Dispute,2014/12/11,Sociology,2
B279,Managing Ideological Differences In Joint Political Press Conferences,2013/9/27,Sociology,2
B280,Dissonant Political Discourse,2010/7/15,Sociology,1
B281,Chinese Voluntourist Gaze: A Self-Reflection Perspective,2024/12/7,Sociology,2
B282,Research On The Impact Of Digital Tourism Experience On Tourist Loyalty In Rural Tourism Destinations,2025/2/16,Education & Communication,4
B283,Virtual Ethnography Of “China Travel” Content: An Empirical Study Across Short Video Platforms,2025/2/12,Media Studies,3
B284,The Estrangement Experience In Travel And Tourism,2025/6/1,Sociology,2
B285,Visual Communication Through Performance Collaborations,2025/2/26,Art & Aesthetics,3
B286,Digital Travel Directions,2024/1/1,Education & Communication,2
B287,"Developing Tourism In Wetland Destinations: A Study Based On Tanguar Haor, Sylhet, Bangladesh",2025/2/22,Sociology,4
B288,Body Exhibition Or Idyllic Imagination? Female Microcelebrities In Mobile Short Videos Depicting The Chinese Countryside,2025/1/6,Media Studies,3
B289,Housework Stress In Home And Travel Living Spaces: A Gender Space And Housework Industrialization Perspective,2025/5/1,Gender Studies,3
B290,Chineseness And Behavioural Complexity: Rethinking Chinese Tourist Gaze Studies,2021/8/22,Sociology,2
B291,Tourist Gaze And Beyond: State Of The Art,2020/12/31,Critical Theory,1
B292,Gaze And Tourist-Host Relationship – State Of The Art,2020/5/5,Critical Theory,1
B293,The Old West Of Old Town,2014/3/29,Art & Aesthetics,3
B294,Coral Empire,2019/1/1,Art & Aesthetics,3
B295,"Korean Golf Tourism In China: Place, Perception And Narratives",2018/4/3,Sociology,2
B296,"Selling Culture, The Growth Of Wine Tourism",2013/9/1,Sociology,2
B297,"Women, The City And Holidays",1996/1/1,Gender Studies,3
B298,New Futures For Specific Regions,1995/1/1,Sociology,4
B299,Passage From The Tourist Gaze To The Wicked Gaze: A Case Study On COVID-19 With Special Reference To Argentina,2020/11/30,Critical Theory,3
B300,Digital Rovaniemi: Contemporary And Future Arctic Tourist Experiences,2019/11/22,Art & Aesthetics,2
B301,Integrating The Tourist Gaze With The Social Servicescape: Implications For Creating Memorable Theme Park Experiences,2021/2/1,Education & Communication,2
B302,(Other) Bodies And Tourism Studies,2001/1/1,Gender Studies,3
B303,Let's Get This Show On The Road! Introducing The Tourist Celebrity Gaze,2020/5/1,Media Studies,2
B304,How Smartphones Enhance Local Tourism Experiences?,2019/6/21,Education & Communication,4
B305,"Tourists To Lhasa, Tibet: How Local Youth Classify, Understand And Respond To Different Types Of Travelers",2013/9/1,Sociology,2
B306,Virtual Reality’S Impact On Destination Visit Intentions And The Moderating Role Of Amateur Photography,2023/8/15,Education & Communication,4
B307,The Interplay Of Sensory And Non-Sensory Factors In Food Tourism Experiences,2023/10/2,Education & Communication,4
B308,The Shadows Of Hospitality: The Figure Of Tourist Gaze Reconsidered,2024/1/1,Sociology,3
B309,"The Beach, The Gaze And Film Tourism",2007/8/1,Art & Aesthetics,3
B310,Globalizing Consumption And The Deferral Of A Politics Of Consequence,2012/4/1,Critical Theory,3
B311,Africans And Protected Areas: North–South Perspectives,2016/5/1,Sociology,3
B312,Rethinking The Consumption Of Places,2012/7/1,Critical Theory,2
B313,Popular Music As Cultural Heritage: Scoping Out The Field Of Practice,2013/5/2,Art & Aesthetics,3
B314,A Nostalgic Peranakan Journey In Melaka: Duo-ethnographic Conversations Between A Nyonya And Baba,2019/10/1,Art & Aesthetics,3
B315,The Tourist's Gaze: From The Perspective Of A Muslim Woman,2013/12/20,Gender Studies,1
B316,Towards An Agenda For Tourism Research In Southeast Asia,1999/1/1,Sociology,2
B317,Tourism Planning And Power Within Micropolitan Community Development,2010/7/1,Sociology,2
B318,"Trapped In Clichés: Masculinity, Films And Tourism In Iceland",2017/9/2,Gender Studies,1
B319,Developing Dynamic Capabilities For Community Collaboration And Tourism Product Innovation In Response To Crisis: Nepal And COVID-19,2021/12/31,Sociology,2
B320,Conceptualizing Peer-To-Peer Accommodations As Disruptions In The Urban Tourism System,2020/12/23,Sociology,2
B321,"Improving Indigenous Local Language Opportunities In Community-Based Tourism Initiatives In Haida Gwaii (British Columbia, Canada)",2017/5/23,Sociology,3
B322,Wind Farms And The Rural Tourism Experience – Problem Or Possible Productive Integration? The Views Of Visitors And Residents Of A Portuguese Village,2015/2/24,Sociology,3
B323,The Truth About Tourism,2006/4/1,Critical Theory,1
B324,The Mutual Gaze,2006/1/1,Sociology,1
B325,"Public Deliberation, Collective Memory, And Place Consciousness: Community-building By Inventing Traditions Through Participatory Budgeting",2023/11/18,Sociology,3
B326,Privilege In Place: How Organisational Practices Contribute To Meshing Privilege In Place,2019/6/1,Sociology,3
B327,"Performing Tourism, Staging Tourism",2001/6/1,Critical Theory,1
B328,"The Maasai And The Lion King: Authenticity, Nationalism, And Globalization In African Tourism",2001/11/1,Sociology,3
B329,Conceptualising A Contemporary Marketing Mix For Sustainable Tourism,2011/11/1,Sociology,4
B330,Connection And Understanding: The Basis Of A Positive Mutual Gaze Between Residents Of A Small Island Developing State And A Community Of Multinational Ocean Cruisers,2015/4/3,Sociology,2
B331,"References (Nature, Technology and the Sacred)",2005/1/1,Critical Theory,4
B332,“My Hard-Earned (Sámi) Identity”: The Hard Work Of Uncomfortable Reading,2021/1/1,Critical Theory,4
B333,Cannibalizing The “Others:” Metropolitan Time Intellectual Journeys In Debate,2024/1/1,Critical Theory,4
B334,Introduction (Communication and Tourism: Reflecting on the construction of the tourist image of Greece),2024/6/3,Media Studies,3
B335,Everything But The Chickens: Cultural Authenticity Onboard The Chinatown Bus,2012/1/1,Sociology,2
B336,How They See Us: Perceived Effects Of Tourist Gaze On The Old Order Amish,2009/6/1,Sociology,1
B337,The Epistemological Structure Of Mobilities,2018/7/3,Critical Theory,3
B338,"Preferred Visual Images, Environmental Attitudes, And Environmentally Responsible Behavioural Intention Among Outdoor Recreationists",2019/7/3,Education & Communication,4
B339,Social Conflict and Harmony: Tourism in China’s Multi-Ethnic CommunitiesAvailable to Purchase,2016/6/6,Sociology,2
B340,“Far From Uninteresting”: Getting To Know The St. Lawrence River At Montreal During The Construction Of The Victoria Bridge,2022/2/1,Art & Aesthetics,3
B341,“Dirty Pictures” – Responsible Photographic Representation Of Tourism Destinations,2020/7/23,Media Studies,1
B342,Shopping Destination Competitiveness: Scale Development And Validation,2018/5/30,Education & Communication,4
B343,Towards Constructing The Meaning Of “Aggressive Hospitality”,2018/5/26,Sociology,3
B344,Introduction (The Psychosocial Reality of Digital Travel),2021/12/7,Media Studies,3
B345,Tourist Gaze Reconsidered,2021/1/1,Critical Theory,2
B346,"Tourist Gaze Upon A Slum Tourism Destination: A Case Study Of Dharavi, India",2022/9/1,Sociology,1
B347,Using Geographical And Semiotic Means To Establish Fixed Points Of A Never-Ending Story: Searching For Parameters Of Authenticity In A Case Study Of Australian History,2019/2/19,Art & Aesthetics,3
B348,A Heritage ‘Trailscape’: Tracking The Exploits Of Historical Figures – An Australian Case Study,2016/11/24,Art & Aesthetics,2
B349,"Heritage Tourism, Heritage Landscapes And Wilderness Preservation: The Case Of National Park Thy",2008/8/1,Sociology,1
B350,"Eat, Work, Love: Alternative Tourists’ Connection With Ethnic Food",2019/7/31,Gender Studies,3
B351,Subjective And Confirmatory Personal Introspections Of Cultural City Holidays,2015/10/5,Education & Communication,4
B352,A Phenomenological View Of The Behavioural Tourism Research Literature,2014/2/25,Education & Communication,1
B353,Interrogating On The Essence Of The Zombie World,2019/1/1,Critical Theory,3
B354,References (Tourism Social Science Series),2019/9/6,Critical Theory,1
B355,Tourism Disaster Preparedness Post-COVID-19 Pandemic: The Example Of Argentina,2021/6/11,Sociology,2
B356,A Geography Of British Backpacker Tourists In South Africa,2004/10/1,Sociology,1
B357,Investigating The Impact Of Autonomy On Presence: A Comparative Analysis On Sense Of Presence And Telepresence,2024/3/21,Media Studies,4
B358,Regionalist Gaze In Paul Theroux’s Deep South,2020/2/9,Critical Theory,2
B359,"On The Fractured, Fragmented And Disrupted Landscapes Of Conservation",2014/5/4,Sociology,3
B360,The Jerilderie Letter And Others,2022/1/1,Art & Aesthetics,2
B361,Reading Between The Scenes,2022/1/1,Media Studies,3
B362,Tailoring Signs To Engage Two Distinct Types Of Geotourists To Geological Sites,2018/9/3,Education & Communication,4
B363,Beach Day Or Deadly Heatwave? Content Analysis Of Media Images From The 2021 Heat Dome In Canada,2024/4/29,Media Studies,3
B364,O Sagrado E O Sensual,2017/12/13,Gender Studies,2
B365,Heiliges Und Sinnliches,2017/12/31,Gender Studies,2
B366,The Sacred And The Sensual,2017/12/13,Gender Studies,2
B367,"Dialectics Of Association And Dissociation: Spaces Of Valuation, Trade, And Retail In The Gemstone And Jewelry Sector",2021/11/9,Critical Theory,3
B368,Using A Qualitative Science Approach To Reveal The Tourism Potential Of A Story From History: Where Regional Science Meets Heritage-Based Tourism,2020/12/17,Art & Aesthetics,2
B369,The Polar Cultural Heritage As A Tourism Attraction,2014/5/6,Art & Aesthetics,3
B370,Der Mobile Blick – Visuelle Medien Und Touristische Wahrnehmung,2022/1/1,Sociology,1
B371,Envisaging Sustainable Rural Development Through ‘Context-Dependent Tourism’: Case Of Northern Cyprus,2018/2/10,Sociology,3
B372,"Dialogues On Whiteness, Leisure And (Anti)Racism",2009/3/1,Gender Studies,3
B373,The Production ofEk Tha Tiger: A Marriage Of Convenience Between Bollywood And The Irish Film And Tourist Industries,2016/9/1,Media Studies,3
B374,"Tourism, Aesthetics, And Touristic Judgment",2015/12/4,Art & Aesthetics,1
B375,An Empirical Investigation Of Architectural Heritage Management Implications For Tourism: The Case Of Portugal,2018/1/8,Art & Aesthetics,2
B376,Tourism And The Forbidden Zone: The Underserved Power Of Qualitative Inquiry,2001/2/1,Critical Theory,2
B377,Local Impression Of Tourist Photographing: A Perspective From Iran,2020/2/1,Media Studies,1
B378,"Tourism Representation By DMOs At Religious Sites: A Case Of Shaolin Temple, China",2019/12/1,Media Studies,2
B379,Markets (A Companion to Urban Anthropology),2014/3/21,Sociology,3
B380,Staging Natural Environments: A Performance Perspective,2013/7/11,Art & Aesthetics,3
B381,Destination Promotion Through Images: Exploring Tourists′ Emotions And Their Impact On Behavioral Intentions,2022/8/4,Media Studies,4
B382,Multi-authenticity Of Destinations: Deconstructing Tourists’ Gaze Components Upon Media Endorsers,2024/11/16,Media Studies,2
B383,Arguing Over The “Caribbean”:Tourism On Costa Rica's Caribbean Coast,2004/9/1,Gender Studies,3
B384,An Unsung History: The Birth Of Indian–Australian Cricket,2017/6/6,Sociology,3
B385,Photographic Reportage And The Colonial Imaginary,2017/6/7,Art & Aesthetics,3
B386,Turist Rehberliğinde Hikayeleştirme Ve Mekanların Tüketimi,2020/6/30,Education & Communication,2
B387,The Co-Creation Of Host–Guest Relationships Via Couchsurfing: A Qualitative Study,2017/11/21,Sociology,2
B388,Does Perception Of Authenticity Attract Visitors To Agricultural Settings?,2017/10/16,Education & Communication,4
B389,Contemporary Tourism And The Host Community In Less Developed Areas,2003/1/1,Sociology,1
B390,COVID-19 And The End Of Hospitality,2021/1/1,Critical Theory,3
B391,Visual Narratives And The Tourist Gaze: Foreign Tourists’ Perceptions Of Rural Iran,2024/9/28,Media Studies,2
B392,Tourist Gazes Through Photographs,2021/10/22,Media Studies,1
B393,Tourists’ Power Perception At An Ethnic Festival: A Qualitative Approach,2018/8/30,Sociology,2
B394,Consuming Tourism Experiences,2013/10/1,Sociology,2
B395,The Landscape Reputation: Tourism And Identity In The Caribbean,2011/3/4,Art & Aesthetics,1
B396,Cuisine: A New Concept For Analysing Tourism-Agriculture Linkages?,2019/6/18,Sociology,3
B397,Moving Beyond Tourists’ Concepts Of Authenticity: Place-Based Tourism Differentiation Within Rural Zones Of Chilean Patagonia,2013/12/1,Education & Communication,3
B398,Crime And Tourism: Organizational Opportunities And Social Marketing In LA Gang Tours,2013/6/1,Sociology,3
B399,"The Battle Of The Camel: Revolution, Transition And Tourism In Cairo",2021/11/1,Sociology,3
B400,Tourism And Regional Development: Polarization And New Forms Of Production In The United Kingdom,1995/2/1,Sociology,1
B401,More Than Meets The Eye: A Longitudinal Analysis Of Climate Change Imagery In The Print Media,2019/8/27,Media Studies,3
B402,"Revealing The Unseen: Tourism, Art And Photography",2002/3/1,Critical Theory,3
B403,"“Everybody Criticizes Police, But Nobody Criticizes Museums”: Police Headquarters And Museums As Public Culture",2021/9/1,Sociology,3
B404,"Ways Of Seeing, Sightseeing And Mimesis. Visual Research Methodology In Tourism Studies",2019/12/1,Media Studies,2
B405,Beyond The Visual Gaze?,2008/12/1,Gender Studies,3
B406,Examining Tourist Gaze In A Highly Controlled Destination: A Study Of Chinese Tourists To North Korea,2021/12/1,Sociology,2
B407,Alternative Modes Of Family Travel: Middle-Class Parental ‘Exit’ Strategies As A Different Orientation Towards Global Citizenship Education,2021/2/16,Education & Communication,3
B408,Change Of Tourism Organizations: Implications From A Review Of Cultural Tourism Research,2022/10/5,Education & Communication,4
B409,"Discovering Flamenco Show Audience Tourists’ Profile: Sentiment Analysis, Opinions And Attitudes",2024/6/1,Art & Aesthetics,4
B410,Do Tourists’ Perceptions Of Tourism Destination Change Across Seasons? A Mixed Big Data Analysis,2022/5/22,Education & Communication,2
B411,"Travel, Transformation, And Enlightenment In Film: A Critical Review",2021/9/23,Education & Communication,3
B412,Boring And Inadequate? A Literature Review Considering The Use Of Electric Vehicles In Drive Tourism,2021/6/14,Sociology,3
B413,Exploring Travellers’ Experiences When Visiting Verdun Battlefield: A TripAdvisor Case Study,2020/4/14,Art & Aesthetics,2
B414,Bottom-up Factors Of Attention During The Tourist Experience: An Empirical Study,2019/10/23,Education & Communication,4
B415,The Tourist Gaze And “Family Treasure Trails” In Museums,2014/5/1,Education & Communication,2
B416,"Walkability In The Historic City Of Oaxaca, Mexico",2019/9/18,Art & Aesthetics,3
B417,The Lacunae Of Heliosis: Package Holidays And The Long 1970S,2013/1/1,Critical Theory,3
B418,The Chinese Female Tourist Gaze: A Netnography Of Young Women'S Blogs On Macao,2014/6/9,Gender Studies,2
B419,"Unnecessary Journeys: Camera-escorted Sojourns, Pilgrimages And Relocations",2020/4/1,Art & Aesthetics,3
B420,"Curating The Aural Cultures Of The Battery: Soundwalking, Auditory Tourism And Interactive Locative Media Sound Art",2017/8/22,Art & Aesthetics,3
B421,Politics As A Vacation: Tourist Practices And The Building Of The Nation-State,2022/2/9,Sociology,2
B422,The Theory Of Risk Perception Geared To Tourism And Hospitality Fields,2020/1/1,Sociology,3
B423,"Walking In The British Countryside: Reflexivity, Embodied Practices And Ways To Escape",2000/11/1,Art & Aesthetics,4
B424,"The Cocreation Of A Pandemic Tourist Experience: The Case Of Belitung, Indonesia",2023/9/1,Sociology,2
B425,The Effect Of Implied Motion In Travel Photographs On Visit Intention: The Mediating Role Of Mental Imagery,2024/10/1,Media Studies,2
B426,Sense Of Place Of Tourism Destinations In A Metaverse Paradigm,2024/12/1,Critical Theory,2
B427,"Locational Attributes Of The Lodging Industry: An Empirical Study On Urban Hotels In Ankara, Turkey",2023/2/1,Sociology,1
B428,Understanding Tourists’ Ambassador Role Of Their Origin Places From Perspective Of Residents’ Attitudes Towards Tourists,2024/10/24,Sociology,2
B429,Instagramdrevet Eiendomsutvikling,2022/5/24,Media Studies,3
B430,How Has Travel Behavior Changed After The New Normal,2024/1/1,Sociology,1
B431,Inverse Method Using Boosted Regression Tree And K-Nearest Neighbor To Quantify Effects Of Point And Non-Point Source Nitrate Pollution In Groundwater,2019/8/1,Critical Theory,4
B432,Gazing And Performing,2011/1/1,Critical Theory,1
B433,Remixing As Praxis,2019/7/1,Sociology,2
B434,Cultivating Destination Brand Ambassadors In Rural China: Examining The Role Of Residents' Welcoming Nature,2021/4/26,Sociology,2
B435,VFR Tourism And The Tourist Gaze: Overseas Migrant Perceptions Of Home,2017/1/24,Gender Studies,2
B436,"Green Marketing, Investment And Sustainable Development For Green Tourism",2021/1/1,Sociology,2
B437,Crosscast: Adding Visuals To Audio Travel Podcasts,2020/10/20,Media Studies,2
B438,"Understanding The Tourists’ Spatio-Temporal Behavior Using Open GPS Trajectory Data: A Case Study Of Yuanmingyuan Park (Beijing, China)",2020/12/24,Sociology,3
B439,Secular Pilgrims On The Quest For Authenticity?,2000/9/1,Sociology,2
B440,Visiting Authenticity On Los Angeles Gang Tours: Tourists Backstage,2015/2/1,Sociology,2
B441,"The Tourist Gaze 1.0, 2.0, And 3.0",2014/4/4,Critical Theory,1
B442,Climate Change And Visual Imagery,2013/10/18,Media Studies,3
B443,"Ideas, Concepts And Uses Of Heritage",2023/1/1,Sociology,2
B444,Examining Sojourners As Visual Influencers In VFR (Visiting Friends And Relatives) Tourism: A Rhetorical Analysis Of User-Generated Images,2022/12/19,Media Studies,2
B445,Concept And Evidence Of Tourist Risk Gaze,2023/9/11,Education & Communication,3
B446,Towards Ecotourism That Nurtures Local Visions For Landscapes And Wildlife,2023/8/1,Sociology,2
B447,Enhancing Intangible Cultural Heritage For Sustainable Tourism Development In Rural Areas: The Case Of The “Marche Food And Wine Memories” Project (Italy),2022/12/16,Sociology,3
B448,"Sensory Ecofeminism For Heritage, Tourism, And Sustainability In Mauritius",2023/7/2,Gender Studies,3
B449,Cultural Heritage Deterioration In The Historical Town ‘Thimi’,2024/1/16,Sociology,2
B450,The Aesthetic Gaze Of Heritage Sites: A Framework Of Aesthetic Experience Formation,2024/9/30,Art & Aesthetics,2
B451,"Frank Hurley And The Great Barrier Reef (Coral Empire:
Underwater Oceans, Colonial Tropics, Visual Modernity)",2019/2/22,Art & Aesthetics,3
B452,Revolution Trend Investigation Of Tourism Destination Image With Machine Learning,2023/11/9,Media Studies,3
B453,Tourism Consumption And Tourist Behaviour: A British Perspective,2000/1/1,Sociology,2
B454,"Commentary: Gazing, Performing And Reading: A Landscape Approach To Understanding Meaning In Tourism Theory",2007/7/24,Critical Theory,2
B455,“Cracking The Canyon With The Awesome Foursome”: Representations Of Adventure Tourism In New Zealand,1998/4/1,Sociology,3
B456,Southeast Asia Tourism,2019/1/1,Critical Theory,3
B457,Defining Agritourism: A Comparative Study Of Stakeholders' Perceptions In Missouri And North Carolina,2013/8/1,Education & Communication,3
B458,Content Curation And Narrative Tourism Marketing,2013/1/1,Media Studies,3
B459,"“Borneo, Nature's Paradise”: Constructions And Representations Of Nature Within Nature-based Tourism",2001/1/1,Critical Theory,2
B460,References (Vietnam: One-Party State And The Mimicry Of The Civil Society),2015/1/1,Sociology,2
B461,A Study Of Tourist Behaviour For The Development Of Lanna Wellness Tourism In Thailand,2024/8/2,Sociology,3
B462,Integrating Locals’ Importance–Performance Perception Of Community Resilience Into Sustainable Indigenous Tourism Management,2024/6/14,Sociology,2
B463,Still A White Paradise? Photographic Representations Of Jamaica As A Tourism Destination,2016/8/26,Media Studies,3
B464,A Data-Driven Approach To Exploring Similarities Of Tourist Attractions Through Online Reviews,2018/4/3,Media Studies,3
B465,Urban Hotel Location Determinants: Evidence From Ankara's Hotel Geography,2023/7/1,Sociology,3
B466,Studying Tourism During The COVID-19 Pandemic,2023/8/5,Critical Theory,3
B467,Hokkien Chinese Diaspora Visitors’ Image Construction Of Their Ancestral Hometown: The Role Of The Tourist Gaze,2023/9/4,Sociology,2
B468,Tourist Gaze Upon Bangkok: Where Exotism & Modernism Collide,2022/6/16,Media Studies,2
B469,The Tourist Narrative,2009/12/1,Critical Theory,2
B470,Beyond The Tourist Gaze?,2008/4/1,Education & Communication,3
B471,Gazing Or Performing?,2001/6/1,Critical Theory,2
B472,Defining A Visual Metonym: A Hauntological Study Of Polar Bear Imagery In Climate Communication,2022/5/27,Media Studies,3
B473,Tourists' And Travellers' Social Construction Of Africa And Asia As Risky Locations,1998/8/1,Sociology,2
B474,References (Cognitive Psychology and Tourism),2024/1/1,Education & Communication,3
B475,"Between Gaze And Taste: Senses, Imaginaries, And The Sustainability Of Culinary Heritage In Greek Tourist-Oriented Tavernes",2024/9/1,Sociology,2
B476,The Social Media Tourist Gaze: Social Media Photography And Its Disruption At The Zoo,2019/9/1,Media Studies,2
B477,Reviewing The Content Of European Countries’ Official Tourism Websites: A Neo/Post-Fordist Perspective,2022/4/14,Media Studies,3
B478,Wish You Were Here? Tourists’ Perceptions Of Nature-Based Destination Photographs,2023/9/1,Media Studies,2
B479,Konstruktion Von Landschaft Auf Instagram Am Beispiel Venedigs,2023/1/1,Media Studies,3
B480,La Rinaturalizzazione Del Cibo In Valposchiavo: Ecologia Politica Di Una ‘Valle Bio',2021/6/1,Sociology,3
B481,"Territorialization On Tour: The Tourist Gaze Along The Silk Road Economic Belt In Kashgar, China",2022/1/1,Sociology,3
B482,Plural And Fluid Place Attachment Amid Tourism-Induced Neighborhood Change In A Disadvantaged Neighborhood In South Korea,2021/5/1,Sociology,2
B483,Gaze And Reflexivity In Postcolonial Cinema: The Pragmatic Turn In Critical Tourism Studies,2024/2/16,Education & Communication,3
B484,How Can Cities Build Their Brand Through Arts And Culture? An Analysis Of ECoC Bidbooks From 2020 To 2026,2024/4/17,Media Studies,3
B485,Snapshots Of Nature: Harnessing Flickr Data To Frame Sustainable Brand Positioning Strategies For Thailand's National Parks,2024/6/1,Media Studies,3
B486,The Tourist Gaze: Domestic Versus International Tourists,2018/6/27,Sociology,2
B487,Indigenous Identity In The Nation Brand: Tension And Inconsistency In A Nation's Tourism Advertising Campaigns,2013/2/1,Media Studies,3
B488,Debatable Peaks And Contested Valleys: Englishness And The Dolomite Landscape Scenery,2016/1/2,Art & Aesthetics,2
B489,Dark Tourism In Iceberg Alley: The Hidden Ecological Costs Of Consuming Iceberg Deaths,2020/1/1,Critical Theory,3
B490,Behind The Scenes: Teaching The Sociology Of Tourism Abroad,2022/6/14,Education & Communication,2
B491,"Retailing In Places Of World Heritage, Transition And ‘Planned Authenticity’",2018/5/1,Sociology,3
B492,Beyond Beauty: Ugly And Borderline Tourism Aesthetic Experiences,2024/3/1,Art & Aesthetics,2
B493,“My Hard-Earned (Sámi) Identity”: The Hard Work Of Uncomfortable Reading,2021/7/1,Sociology,3
B494,Mimarlık Dergisi’nin Merceğinden Türkiye’de Kitle Turizmi Mimarlığının Tarihi (1963-1980),2021/11/23,Art & Aesthetics,3
B495,Volunteer Tourism And The Popular Humanitarian Gaze,2014/7/1,Sociology,3
B496,"Image Matters: Climate Change Imagery In US, UK And Australian Newspapers",2013/10/1,Media Studies,3
B497,The Grammar Of Folklorization: An Integrated Critical Discourse Analysis Of The Linguistic Depiction Of Amazigh Social Actors In Selected Moroccan EFL Textbooks (1980S-Present),2023/8/7,Education & Communication,3
B498,"Perception And Gaze Of Diaspora: Analysis Of Affective, Cognitive, & Cultural Factors In Tourism",2023/3/8,Sociology,3
B499,“It’s beginning to look a lot like Christmas”: exploring the sensescapes of food experiences in Tivoli,2023/11/26,Art & Aesthetics,3
B500,Whales For Sale: A Content Analysis Of American Whale-Watching Operators’ Websites,2023/10/31,Media Studies,3
B501,Local Experiences On Instagram: Social Media Data As Source Of Evidence For Experience Design.,2021/3/1,Media Studies,3
B502,Reading Travel Guidebooks: Readership Typologies Using Eye-Tracking Technology,2019/12/1,Sociology,3
B503,"Destination Distinctiveness: Concept, Measurement, And Impact On Tourist Satisfaction",2018/6/1,Sociology,3
B504,Online Rural Destination Images: Tourism And Rurality,2014/12/1,Media Studies,3
B505,"Consuming Local: Product, Place, And Experience In Visitor Reviews Of Urban Texas Craft Breweries",2020/10/9,Sociology,3
B506,(Re)constructing The Tourist Experience? Editing Experience And Mediating Memories Of Learning To Dive,2016/1/11,Media Studies,3
B507,The Cultural Economy Of Landscape And Prospects For Peripheral Development In The Twenty-first Century: The Case Of The English Lake District,2010/10/1,Sociology,2
B508,,,,
B509,,,,
B510,,,,
B511,,,,
B512,,,,
